goals_scored,assists,total_points,minutes,goals_conceded,bonus,clean_sheets,red_cards,yellow_cards,selected_by_percent,now_cost,season,full_name,position
3,2,42,600,5,6,2,0,4,1.1,65,2024-2025,Gabriel Fernando de Jesus,3
3,2,117,2363,22,9,10,0,4,13.2,62,2024-2025,Gabriel dos Santos Magalhães,1
9,3,96,1839,20,14,7,0,4,5.8,77,2024-2025,Kai Havertz,3
1,3,114,2415,21,9,11,0,7,6.1,57,2024-2025,Jurriën Timber,1
0,0,19,700,7,0,2,0,5,0.2,46,2024-2025,Jorge Luiz Frello Filho,2
1,0,32,757,10,0,2,0,0,1.3,48,2024-2025,Jakub Kiwior,1
7,4,111,1949,20,6,9,0,1,2.5,65,2024-2025,Gabriel Martinelli Silva,2
4,2,63,804,3,4,4,0,1,1.8,45,2024-2025,Ethan Nwaneri,2
2,6,90,2036,17,7,10,0,4,5.1,82,2024-2025,Martin Ødegaard,2
0,0,130,3060,29,9,12,0,2,28.5,56,2024-2025,David Raya Martin,0
2,7,105,2570,27,12,10,1,5,3.5,62,2024-2025,Declan Rice,2
6,11,119,1450,17,18,6,0,3,19.8,105,2024-2025,Bukayo Saka,2
2,0,127,2814,25,14,12,1,2,29.5,66,2024-2025,William Saliba,1
4,3,99,2433,25,8,8,0,4,0.7,49,2024-2025,Thomas Partey,2
8,6,136,2265,23,16,10,1,2,3.3,67,2024-2025,Leandro Trossard,2
0,1,37,853,8,0,4,0,2,2.2,61,2024-2025,Benjamin White,1
0,1,36,443,0,2,4,0,1,0.9,48,2024-2025,Oleksandr Zinchenko,1
0,2,23,424,3,0,1,0,1,0.8,67,2024-2025,Raheem Sterling,2
2,1,37,921,12,1,1,0,4,1.2,58,2024-2025,Riccardo Calafiori,1
1,0,30,1072,12,0,4,2,2,0.4,45,2024-2025,Myles Lewis-Skelly,2
6,2,85,1391,13,8,4,0,2,2.7,61,2024-2025,Mikel Merino,2
1,2,46,1131,19,2,2,0,3,0.7,62,2024-2025,Leon Bailey,2
3,1,41,552,9,5,1,0,3,0.2,52,2024-2025,Ross Barkley,2
1,1,57,1709,20,1,4,0,6,1.1,44,2024-2025,Matty Cash,1
0,0,21,828,15,1,2,0,1,0.3,45,2024-2025,Diego Carlos Santos Silva,1
0,5,81,2239,36,6,5,0,4,5.7,45,2024-2025,Lucas Digne,1
7,0,53,622,14,9,2,1,3,1.6,57,2024-2025,Jhon Durán,3
0,0,39,1367,21,1,3,0,2,0.0,50,2024-2025,Boubacar Kamara,2
1,0,76,2576,43,7,5,0,0,6.4,44,2024-2025,Ezri Konsa Ngoyo,1
1,2,43,874,14,0,1,0,2,1.4,45,2024-2025,Ian Maatsen,1
0,0,90,2880,45,2,5,0,4,11.4,50,2024-2025,Emiliano Martínez Romero,0
1,3,65,1987,34,1,5,0,7,0.7,52,2024-2025,John McGinn,2
0,1,41,1050,11,5,3,0,1,0.2,44,2024-2025,Tyrone Mings,1
0,0,41,1729,31,2,3,0,1,0.7,42,2024-2025,Pau Torres,1
1,4,64,1480,24,3,4,0,2,0.3,54,2024-2025,Jacob Ramsey,2
8,9,145,2764,39,15,7,0,9,20.2,57,2024-2025,Morgan Rogers,2
2,7,109,2915,44,12,6,0,4,1.2,55,2024-2025,Youri Tielemans,2
15,7,168,2258,38,29,7,0,2,17.6,89,2024-2025,Ollie Watkins,3
1,0,33,851,12,0,3,0,3,0.4,42,2024-2025,Axel Disasi,1
3,0,55,1345,23,5,3,0,4,2.1,48,2024-2025,Amadou Onana,2
6,4,95,1414,15,9,7,0,2,6.5,67,2024-2025,Marcus Rashford,2
0,0,6,473,11,0,0,0,2,0.2,39,2024-2025,Lamare Bogarde,1
0,0,8,316,5,0,0,0,0,0.1,45,2024-2025,Andrés García,1
3,2,37,477,8,6,1,0,1,3.0,62,2024-2025,Marco Asensio,2
0,3,48,1524,24,1,5,0,6,0.1,49,2024-2025,Tyler Adams,2
2,1,46,798,11,2,2,0,3,0.0,49,2024-2025,David Brooks,2
2,3,76,2114,28,5,8,0,9,0.1,49,2024-2025,Ryan Christie,2
1,4,78,2706,38,3,5,0,8,0.2,50,2024-2025,Lewis Cook,2
2,1,32,330,3,4,2,0,2,0.1,54,2024-2025,Enes Ünal,3
0,1,17,443,9,0,1,0,1,0.5,39,2024-2025,James Hill,1
2,6,121,2897,40,10,8,0,4,19.3,53,2024-2025,Milos Kerkez,1
12,6,149,2024,26,14,11,0,7,13.0,60,2024-2025,Justin Kluivert,2
7,4,108,1835,21,7,7,0,2,1.5,47,2024-2025,Dango Ouattara,2
0,0,21,603,7,0,2,0,2,0.0,47,2024-2025,Alex Scott,2
8,6,132,2823,37,10,9,0,9,7.5,57,2024-2025,Antoine Semenyo,2
0,0,23,1007,16,3,1,0,5,0.3,46,2024-2025,Marcos Senesi,1
0,0,48,1316,15,0,5,0,5,0.1,44,2024-2025,Adam Smith,1
3,6,74,1554,23,3,3,0,5,0.2,54,2024-2025,Marcus Tavernier,2
0,0,19,450,5,1,1,0,0,0.1,44,2024-2025,Mark Travers,0
0,0,77,2662,36,6,7,1,3,0.5,44,2024-2025,Illia Zabarnyi,1
0,0,91,2340,33,7,7,0,3,3.9,46,2024-2025,Kepa Arrizabalaga,0
2,1,90,2050,25,14,7,0,7,4.6,45,2024-2025,Dean Huijsen,1
0,0,9,358,7,0,0,0,1,0.1,43,2024-2025,Julián Araujo Zúñiga,1
9,4,114,1900,25,19,10,0,0,5.2,58,2024-2025,Francisco Evanilson de Lima Barbosa,3
0,0,38,1387,21,0,3,0,4,0.2,44,2024-2025,Kristoffer Ajer,1
2,6,104,2970,50,7,6,0,5,2.8,45,2024-2025,Nathan Collins,1
2,9,116,2495,36,10,9,0,2,1.2,50,2024-2025,Mikkel Damsgaard,2
0,1,110,2825,48,7,5,0,1,8.7,44,2024-2025,Mark Flekken,0
1,3,73,2251,38,2,6,0,3,0.2,48,2024-2025,Vitaly Janelt,2
0,2,33,759,15,1,2,0,2,0.1,53,2024-2025,Mathias Jensen,2
1,5,86,2712,44,0,7,0,5,0.1,50,2024-2025,Keane Lewis-Potter,2
18,7,210,2965,48,28,7,0,2,37.7,80,2024-2025,Bryan Mbeumo,2
5,2,86,2370,38,4,4,1,5,0.2,48,2024-2025,Christian Nørgaard,2
2,0,47,1912,35,0,2,0,2,0.3,44,2024-2025,Ethan Pinnock,1
0,2,36,1100,20,0,2,0,2,0.1,43,2024-2025,Mads Roerslev Rasmussen,1
7,4,112,1918,29,7,8,0,3,0.7,51,2024-2025,Kevin Schade,2
15,5,159,2471,38,28,7,0,2,14.4,65,2024-2025,Yoane Wissa,3
0,0,33,1024,20,0,1,0,4,2.3,43,2024-2025,Yehor Yarmoliuk,2
2,1,35,443,14,1,0,0,1,0.4,45,2024-2025,Fábio Freitas Gouveia Carvalho,2
0,1,47,2134,42,1,3,0,2,1.4,41,2024-2025,Sepp van den Berg,1
2,2,48,812,19,0,1,0,0,0.3,51,2024-2025,Simon Adingra,2
2,1,68,2222,34,4,7,1,6,0.1,50,2024-2025,Carlos Baleba,2
0,1,41,1901,39,0,4,0,5,2.4,42,2024-2025,Lewis Dunk,1
1,1,52,2039,39,6,2,0,5,1.6,49,2024-2025,Pervis Estupiñán,1
2,2,60,1593,28,5,5,0,4,0.1,49,2024-2025,Jack Hinshelwood,2
0,0,17,900,16,0,1,0,4,0.1,43,2024-2025,Igor Julio dos Santos de Paulo,1
10,6,126,1946,28,26,6,1,4,11.0,56,2024-2025,João Pedro Junqueira de Jesus,3
2,2,40,762,20,1,2,0,0,0.2,44,2024-2025,Tariq Lamptey,1
5,5,85,1461,28,6,3,0,6,1.2,49,2024-2025,Yankuba Minteh,2
8,4,128,2489,39,12,6,0,1,7.6,64,2024-2025,Mitoma Kaoru,2
1,1,75,2600,43,6,6,1,6,0.8,45,2024-2025,Jan Paul van Hecke,1
0,0,58,1642,23,7,6,0,4,1.1,43,2024-2025,Joël Veltman,1
0,1,87,2790,52,5,6,0,5,2.8,46,2024-2025,Bart Verbruggen,0
0,0,26,615,8,0,3,0,0,0.1,43,2024-2025,Adam Webster,1
9,4,108,1756,32,18,6,0,4,7.2,55,2024-2025,Danny Welbeck,3
1,3,38,590,17,4,1,0,4,0.1,47,2024-2025,Mats Wieffer,2
0,1,23,489,11,0,1,0,0,0.0,54,2024-2025,Brajan Gruda,2
0,1,53,1639,22,0,6,0,3,0.0,50,2024-2025,Yasin Ayari,2
5,6,95,1651,29,1,6,0,2,0.3,50,2024-2025,Georginio Rutter,2
1,0,19,385,8,0,2,0,1,0.1,44,2024-2025,Ferdi Kadioglu,1
1,2,35,669,18,2,2,0,1,0.0,55,2024-2025,Matt O'Riley,2
0,0,15,426,12,0,0,0,0,0.0,55,2024-2025,Diego Gómez,2
0,0,7,332,5,0,0,0,0,0.1,42,2024-2025,Benoît Badiashile,1
1,3,82,2901,39,3,9,0,10,1.0,49,2024-2025,Moisés Caicedo Corozo,2
3,1,81,1715,23,8,5,0,2,0.8,44,2024-2025,Trevoh Chalobah,1
1,1,80,2700,38,3,7,0,8,2.8,44,2024-2025,Levi Colwill,1
4,2,101,2538,35,9,6,1,8,13.3,54,2024-2025,Marc Cucurella Saseta,1
5,7,113,2496,34,9,7,0,7,3.8,47,2024-2025,Enzo Fernández,2
0,1,56,1813,24,2,4,0,4,1.5,49,2024-2025,Malo Gusto,1
1,1,35,807,13,4,1,0,1,1.1,48,2024-2025,Reece James,1
0,1,16,538,10,0,1,0,4,0.4,45,2024-2025,Roméo Lavia,2
7,5,108,1641,26,12,3,0,3,3.2,60,2024-2025,Noni Madueke,2
9,6,113,2024,22,15,9,0,7,6.8,77,2024-2025,Nicolas Jackson,3
3,2,60,904,16,5,2,0,2,2.1,57,2024-2025,Christopher Nkunku,2
14,10,194,2743,38,32,7,0,6,38.2,106,2024-2025,Cole Palmer,2
0,0,101,2430,31,9,7,0,5,7.5,45,2024-2025,Robert Sánchez,0
1,1,57,1223,14,4,5,0,3,0.4,42,2024-2025,Tosin Adarabioyo,1
0,0,26,1172,13,2,2,0,7,0.2,43,2024-2025,Wesley Fofana,1
3,5,81,1648,22,3,6,0,1,1.0,62,2024-2025,Jadon Sancho,2
4,4,85,1825,22,9,5,0,8,1.6,61,2024-2025,Pedro Lomba Neto,2
0,0,18,540,9,0,1,0,0,0.5,42,2024-2025,Filip Jørgensen,0
1,2,24,362,4,0,1,0,2,0.4,59,2024-2025,João Félix Sequeira,2
1,2,38,866,14,1,2,1,3,0.6,59,2024-2025,Eddie Nketiah,3
0,1,19,443,6,0,1,0,1,0.0,48,2024-2025,Cheick Doucouré,2
1,1,57,1561,27,2,6,1,2,0.2,44,2024-2025,Chris Richards,1
0,0,18,477,11,0,1,0,1,0.1,43,2024-2025,Nathaniel Clyne,1
4,8,113,2338,33,9,8,0,1,11.3,69,2024-2025,Eberechi Eze,2
3,2,107,2879,41,10,10,1,7,6.2,47,2024-2025,Marc Guéhi,1
0,0,123,3060,47,8,10,0,3,11.8,46,2024-2025,Dean Henderson,0
0,4,59,1862,29,3,8,0,11,0.0,49,2024-2025,Will Hughes,2
0,0,40,1321,25,0,3,1,3,0.1,51,2024-2025,Daichi Kamada,2
0,1,51,2027,33,2,5,0,8,0.1,48,2024-2025,Jefferson Lerma Solís,2
14,2,144,2438,36,27,8,0,2,11.9,78,2024-2025,Jean-Philippe Mateta,3
0,4,107,2850,44,4,11,0,2,2.1,48,2024-2025,Tyrick Mitchell,1
4,5,127,2869,42,7,10,0,9,17.4,53,2024-2025,Daniel Muñoz,1
0,2,39,1254,21,0,3,0,2,0.1,47,2024-2025,Adam Wharton,2
7,5,127,2389,35,12,9,0,4,6.4,58,2024-2025,Ismaïla Sarr,2
1,0,28,418,6,1,0,0,1,0.1,45,2024-2025,Justin Devenny,2
1,2,103,2756,41,9,10,0,5,0.9,45,2024-2025,Maxence Lacroix,1
0,0,12,327,2,0,2,0,1,0.1,53,2024-2025,Armando Broja,3
3,1,83,2335,31,5,10,1,3,0.4,51,2024-2025,Abdoulaye Doucouré,2
6,0,67,1115,21,9,2,0,2,3.2,48,2024-2025,Norberto Bercique Gomes Betuncal,3
0,1,77,2166,24,3,8,0,4,1.5,48,2024-2025,Jarrad Branthwaite,1
3,2,59,1571,17,3,8,0,2,1.0,54,2024-2025,Dominic Calvert-Lewin,3
0,3,78,2614,35,5,10,0,8,0.2,48,2024-2025,Idrissa Gueye,2
0,1,32,1140,15,0,3,0,3,0.0,49,2024-2025,James Garner,2
1,3,72,1819,24,4,6,0,0,0.2,52,2024-2025,Jack Harrison,2
0,1,20,555,16,0,0,0,4,0.6,43,2024-2025,Tim Iroegbunam,2
2,0,32,850,19,3,2,0,5,4.2,38,2024-2025,Michael Keane,1
3,6,71,1155,23,6,4,0,1,1.1,51,2024-2025,Dwight McNeil,2
0,2,94,2632,35,6,9,0,2,5.0,43,2024-2025,Vitalii Mykolenko,1
7,0,95,2113,21,18,13,0,3,0.8,52,2024-2025,Iliman Ndiaye,3
0,1,132,2970,40,12,10,0,7,14.7,51,2024-2025,Jordan Pickford,0
1,1,105,2922,38,8,10,0,6,2.6,49,2024-2025,James Tarkowski,1
1,4,82,1578,22,8,7,1,6,1.5,43,2024-2025,Ashley Young,1
1,1,23,449,6,3,0,0,3,0.1,47,2024-2025,Carlos Alcaraz Durán,2
0,1,44,1229,14,0,6,0,2,0.1,50,2024-2025,Jesper Lindstrøm,2
2,0,50,1208,14,4,3,0,4,0.4,45,2024-2025,Jake O'Brien,1
1,0,39,1257,10,0,5,0,2,0.0,50,2024-2025,Orel Mangala,2
1,1,27,483,9,2,1,0,1,0.0,50,2024-2025,Reiss Nelson,2
5,2,98,1823,24,13,7,0,2,7.4,51,2024-2025,Emile Smith Rowe,2
0,0,45,2223,38,3,4,1,6,3.5,42,2024-2025,Joachim Andersen,1
2,5,78,1509,22,6,3,0,2,1.4,45,2024-2025,Adama Traoré,2
2,6,76,1826,27,2,5,0,8,0.9,49,2024-2025,Andreas Hoelgebaum Pereira,2
1,0,70,2714,40,0,5,0,6,0.7,45,2024-2025,Calvin Bassey,1
1,0,23,473,10,0,1,1,3,0.0,48,2024-2025,Tom Cairney,2
0,1,45,1619,28,0,3,0,1,1.1,42,2024-2025,Timothy Castagne,1
0,0,31,1334,19,0,1,0,2,0.2,43,2024-2025,Issa Diop,1
9,5,144,2637,37,16,6,0,1,8.7,55,2024-2025,Alex Iwobi,2
0,2,101,2970,45,5,5,0,4,6.1,50,2024-2025,Bernd Leno,0
0,2,49,2038,32,1,4,0,12,0.0,48,2024-2025,Saša Lukić,2
8,1,86,943,17,14,2,0,1,1.6,55,2024-2025,Rodrigo Muniz Carvalho,3
10,3,124,2036,28,20,7,0,3,6.9,53,2024-2025,Raúl Jiménez,3
0,10,102,2898,44,8,5,0,8,20.4,48,2024-2025,Antonee Robinson,1
0,2,44,1347,17,0,3,0,3,0.2,44,2024-2025,Kenny Tete,1
5,2,64,840,15,6,2,0,2,0.2,52,2024-2025,Harry Wilson,2
3,2,43,320,5,2,1,0,0,4.4,41,2024-2025,Ryan Sessegnon,1
0,0,48,1971,28,2,4,0,4,0.0,50,2024-2025,Sander Berge,2
1,3,44,835,15,3,2,0,3,0.1,54,2024-2025,Julio Enciso,2
1,0,28,594,10,0,2,0,1,0.0,49,2024-2025,Nathan Broadhead,2
0,1,19,1270,31,0,0,0,0,1.9,38,2024-2025,Cameron Burgess,1
0,1,30,922,23,0,1,0,1,0.0,47,2024-2025,Wes Burns,2
1,2,35,615,13,0,1,0,1,0.1,51,2024-2025,Conor Chaplin,2
0,0,1,377,10,0,0,1,1,0.0,40,2024-2025,Harry Clarke,1
1,2,50,2562,66,5,2,1,5,0.9,42,2024-2025,Leif Davis,1
12,2,127,2350,52,22,3,0,9,3.2,56,2024-2025,Liam Delap,3
1,0,32,1755,42,0,2,0,4,2.5,38,2024-2025,Jacob Greaves,1
2,1,36,436,11,2,0,0,1,0.0,54,2024-2025,George Hirst,3
3,2,77,2225,53,6,3,0,5,0.2,52,2024-2025,Omari Giraud-Hutchinson,2
1,2,32,1305,36,2,0,0,3,2.1,38,2024-2025,Ben Johnson,1
1,1,58,2328,56,5,2,0,9,0.1,48,2024-2025,Sam Morsy,2
1,0,31,580,14,1,0,0,3,0.0,48,2024-2025,Jack Taylor,2
0,1,22,1445,32,0,1,1,3,1.2,39,2024-2025,Axel Tuanzebe,1
0,0,14,540,16,2,1,0,0,0.2,43,2024-2025,Christian Walton,0
0,0,16,1007,23,0,1,0,2,1.2,39,2024-2025,Luke Woolfenden,1
0,0,26,1209,30,0,1,1,4,0.1,48,2024-2025,Kalvin Phillips,2
0,0,49,1620,33,5,1,0,1,0.5,44,2024-2025,Arijanet Muric,0
2,0,37,796,22,3,2,1,3,0.1,53,2024-2025,Jaden Philogene,2
0,1,11,334,6,0,0,0,1,0.6,39,2024-2025,Conor Townsend,1
4,0,53,976,17,2,2,0,2,0.2,57,2024-2025,Sam Szmodics,2
1,0,54,1776,42,2,1,0,2,0.1,45,2024-2025,Jens Cajuste,2
0,2,43,2672,64,1,2,0,6,1.2,39,2024-2025,Dara O'Shea,1
0,4,47,977,28,0,1,0,2,0.0,54,2024-2025,Jack Clarke,2
0,0,16,810,22,0,0,0,2,0.1,45,2024-2025,Alex Palmer,0
4,2,66,1416,30,4,2,0,7,0.4,45,2024-2025,Facundo Buonanotte,2
4,0,59,1322,36,3,2,0,6,0.2,51,2024-2025,Jordan Ayew,2
0,0,40,1904,49,0,0,0,8,0.3,44,2024-2025,Boubakary Soumaré,2
0,0,16,1262,35,0,0,0,2,0.3,40,2024-2025,Conor Coady,1
1,0,30,631,16,2,0,0,0,0.6,48,2024-2025,Patson Daka,3
1,4,47,689,16,2,1,0,2,0.1,52,2024-2025,Bobby De Cordova-Reid,2
1,0,39,2362,56,0,1,0,3,5.0,38,2024-2025,Wout Faes,1
0,0,62,2295,55,1,1,0,1,0.4,44,2024-2025,Mads Hermansen,0
2,1,50,2534,62,2,1,0,5,1.1,41,2024-2025,James Justin,1
0,1,32,2380,60,0,1,0,1,0.1,44,2024-2025,Victor Kristiansen,1
4,1,72,1606,38,5,1,0,2,0.3,50,2024-2025,Stephy Mavididi,2
0,1,21,478,11,0,1,0,1,0.0,47,2024-2025,Kasey McAteer,2
0,4,52,1968,43,1,1,0,7,0.2,49,2024-2025,Wilfred Ndidi,2
1,0,26,1121,26,1,1,0,4,0.5,40,2024-2025,Caleb Okoli,1
0,0,10,540,12,0,0,0,1,0.4,40,2024-2025,Jakub Stolarczyk,0
0,0,9,692,18,0,0,0,1,1.4,39,2024-2025,Luke Thomas,1
7,4,106,2482,63,13,2,0,5,4.5,53,2024-2025,Jamie Vardy,3
0,0,11,1390,35,0,0,0,5,1.6,39,2024-2025,Jannik Vestergaard,1
0,2,40,1536,34,0,0,0,4,4.8,43,2024-2025,Harry Winks,2
0,0,20,851,22,0,1,0,6,0.0,47,2024-2025,Oliver Skipp,2
0,2,26,576,14,3,0,0,0,0.2,51,2024-2025,Abdul Fatawu,2
2,2,67,1834,50,6,1,0,4,0.1,48,2024-2025,Bilal El Khannouss,2
0,0,99,2058,19,9,10,0,0,9.1,55,2024-2025,Alisson Ramses Becker,0
3,6,141,2163,21,13,12,0,5,19.5,72,2024-2025,Trent Alexander-Arnold,1
0,1,34,524,5,3,3,0,3,0.9,47,2024-2025,Conor Bradley,1
5,3,61,995,17,6,2,0,8,2.0,70,2024-2025,Darwin Núñez Ribeiro,3
6,4,83,1064,10,4,7,0,2,2.8,72,2024-2025,Diogo Teixeira da Silva,2
8,4,100,1547,18,15,5,0,4,5.2,72,2024-2025,Cody Gakpo,3
0,0,14,517,8,0,1,0,1,0.4,47,2024-2025,Joe Gomez,1
0,3,84,2831,28,1,14,0,5,0.7,50,2024-2025,Ryan Gravenberch,2
3,5,79,1407,20,4,6,1,1,0.3,53,2024-2025,Curtis Jones,2
0,0,45,900,12,1,4,0,0,1.3,40,2024-2025,Caoimhin Kelleher,0
1,2,100,2230,21,4,11,0,5,7.7,53,2024-2025,Ibrahima Konaté,1
11,7,165,2145,15,20,15,0,2,21.4,75,2024-2025,Luis Díaz,2
27,18,320,2924,30,51,15,0,1,71.5,138,2024-2025,Mohamed Salah,2
4,5,107,2470,21,5,14,0,6,1.8,62,2024-2025,Alexis Mac Allister,2
0,0,10,308,6,0,0,0,1,1.1,39,2024-2025,Jarell Quansah,1
0,0,83,2215,28,4,10,1,3,4.1,58,2024-2025,Andrew Robertson,1
5,7,119,2184,23,13,12,0,6,2.8,62,2024-2025,Dominik Szoboszlai,2
0,1,41,658,3,3,4,0,2,0.2,46,2024-2025,Konstantinos Tsimikas,1
2,1,133,2970,31,8,14,0,3,27.3,66,2024-2025,Virgil van Dijk,1
0,0,46,1710,27,1,4,0,3,2.2,53,2024-2025,Manuel Akanji,1
0,0,25,677,11,0,3,0,0,0.8,53,2024-2025,Nathan Aké,1
3,4,90,2307,36,10,6,0,7,2.5,61,2024-2025,Bernardo Veiga de Carvalho e Silva,2
3,9,96,1448,19,9,7,0,2,6.3,94,2024-2025,Kevin De Bruyne,2
3,5,77,1297,13,3,6,0,1,1.4,62,2024-2025,Jérémy Doku,2
0,4,91,1960,25,9,7,0,3,4.9,53,2024-2025,Ederson Santana de Moraes,0
7,3,100,1682,24,10,5,0,2,4.7,91,2024-2025,Phil Foden,2
1,1,37,709,9,4,2,0,3,0.2,64,2024-2025,Jack Grealish,2
5,0,129,2918,40,11,10,0,2,27.2,63,2024-2025,Joško Gvardiol,1
21,3,171,2480,38,26,7,0,2,22.2,148,2024-2025,Erling Haaland,3
6,2,101,1955,28,13,8,0,5,1.3,54,2024-2025,Mateo Kovačić,2
1,2,59,1806,27,1,4,1,3,3.6,43,2024-2025,Rico Lewis,1
1,5,67,1400,18,6,7,0,4,0.1,49,2024-2025,Matheus Luiz Nunes,2
0,0,35,1099,18,0,3,0,1,0.7,52,2024-2025,Stefan Ortega Moreno,0
0,0,65,1909,20,2,8,0,4,3.1,54,2024-2025,Rúben Gato Alves Dias,1
2,0,29,544,11,2,1,0,1,1.0,53,2024-2025,John Stones,1
0,0,13,966,21,0,0,0,3,2.6,51,2024-2025,Kyle Walker,1
1,11,104,1730,25,15,8,0,3,2.5,62,2024-2025,Sávio 'Savinho' Moreira de Oliveira,2
2,0,29,454,3,4,3,0,0,0.2,49,2024-2025,Nico O'Reilly,2
0,5,74,1961,28,2,7,0,1,0.5,63,2024-2025,Ilkay Gündogan,2
0,0,14,503,6,0,2,0,1,0.4,50,2024-2025,Abdukodir Khusanov,1
6,1,60,915,12,10,5,0,0,23.9,77,2024-2025,Omar Marmoush,3
0,1,21,648,6,0,5,0,3,0.0,60,2024-2025,Nico González,2
6,7,107,1591,25,14,6,0,3,3.8,53,2024-2025,Amad Diallo,2
8,11,160,2667,43,25,9,2,2,17.3,85,2024-2025,Bruno Borges Fernandes,2
1,0,42,1266,19,3,4,0,3,0.4,46,2024-2025,Carlos Henrique Casimiro,2
0,4,94,2787,45,9,8,0,5,5.5,50,2024-2025,Diogo Dalot Teixeira,1
0,1,33,987,14,0,4,0,4,0.2,52,2024-2025,Christian Eriksen,2
5,3,90,1957,30,4,5,0,2,4.7,59,2024-2025,Alejandro Garnacho,2
3,1,63,1648,27,5,5,0,2,1.0,69,2024-2025,Rasmus Højlund,3
0,0,16,439,7,0,1,0,1,0.1,43,2024-2025,Victor Lindelöf,1
1,0,37,1413,22,3,2,0,7,0.7,49,2024-2025,Harry Maguire,1
0,0,34,1348,20,0,5,0,5,1.7,52,2024-2025,Kobbie Mainoo,2
2,1,68,1751,27,5,6,0,7,2.3,43,2024-2025,Lisandro Martínez,1
0,0,11,340,7,0,1,0,3,0.1,63,2024-2025,Mason Mount,2
0,0,116,2880,42,8,9,0,0,5.3,49,2024-2025,André Onana,0
3,2,64,1385,24,6,3,0,2,1.5,65,2024-2025,Joshua Zirkzee,3
0,0,19,974,20,0,1,0,5,0.2,43,2024-2025,Leny Yoro,1
2,0,68,2085,34,3,4,0,3,3.0,48,2024-2025,Matthijs de Ligt,1
0,1,83,2563,39,5,7,0,2,7.8,42,2024-2025,Noussair Mazraoui,1
1,0,40,1584,26,1,4,0,9,0.1,49,2024-2025,Manuel Ugarte,2
0,0,7,495,8,0,1,1,2,0.2,45,2024-2025,Patrick Dorgu,1
9,5,118,1328,20,13,4,0,0,8.0,60,2024-2025,Harvey Barnes,2
4,6,119,2823,41,10,11,0,6,3.3,62,2024-2025,Bruno Guimarães Rodriguez Moura,2
0,0,86,2880,42,5,11,0,9,10.6,45,2024-2025,Dan Burn,1
0,0,44,900,12,2,5,0,0,1.5,41,2024-2025,Martin Dúbravka,0
6,6,116,2172,32,9,9,0,2,8.2,74,2024-2025,Anthony Gordon,2
0,7,102,2188,31,11,8,0,3,4.8,47,2024-2025,Lewis Hall,1
21,6,192,2412,39,33,10,0,1,62.8,96,2024-2025,Alexander Isak,3
8,11,143,2014,28,11,9,0,3,18.2,52,2024-2025,Jacob Murphy,2
4,4,99,2394,32,11,10,0,10,1.2,60,2024-2025,Joelinton Cássio Apolinário de Lira,2
0,1,86,2385,37,5,8,0,1,9.0,46,2024-2025,Tino Livramento,1
0,1,33,782,11,0,2,0,2,0.3,44,2024-2025,Sean Longstaff,2
0,0,81,2070,32,2,6,0,2,7.1,49,2024-2025,Nick Pope,0
4,1,98,2493,39,3,9,1,7,5.3,55,2024-2025,Fabian Schär,1
3,2,86,2175,31,7,9,0,5,0.9,55,2024-2025,Sandro Tonali,2
0,1,54,1092,16,5,5,0,1,6.8,56,2024-2025,Kieran Trippier,1
0,2,41,867,14,0,3,0,2,0.1,47,2024-2025,Joe Willock,2
0,1,34,952,16,1,3,0,2,0.4,42,2024-2025,Álex Moreno Lopera,1
2,1,123,2570,32,15,12,0,2,12.6,52,2024-2025,Ola Aina,1
2,6,100,2314,32,8,12,0,6,0.3,50,2024-2025,Elliot Anderson,2
1,0,30,362,9,0,1,0,0,0.3,55,2024-2025,Taiwo Awoniyi,3
0,1,46,1614,22,0,7,0,8,0.0,48,2024-2025,Nicolás Domínguez,2
6,9,135,2046,28,13,12,0,1,8.0,54,2024-2025,Anthony Elanga,2
5,10,126,2379,28,12,12,1,7,6.0,64,2024-2025,Morgan Gibbs-White,2
5,3,100,2105,21,7,11,0,2,1.5,51,2024-2025,Callum Hudson-Odoi,2
1,0,116,2838,39,16,12,0,5,5.1,47,2024-2025,Murillo Santiago Costa dos Santos,1
1,2,97,2138,24,5,10,0,5,3.3,45,2024-2025,Neco Williams,1
0,1,141,2970,39,11,13,0,3,19.8,51,2024-2025,Matz Sels,0
19,3,184,2508,30,39,15,0,1,29.3,70,2024-2025,Chris Wood,3
2,2,62,1764,24,3,6,0,9,0.1,48,2024-2025,Ryan Yates,2
4,2,131,2880,38,2,13,0,4,17.4,51,2024-2025,Nikola Milenković,1
3,2,48,811,16,0,1,0,5,0.1,59,2024-2025,João Pedro Ferreira Silva,2
0,0,36,785,11,2,3,0,2,0.1,45,2024-2025,Felipe Rodrigues da Silva,1
0,0,80,2250,58,8,2,0,2,1.4,44,2024-2025,Aaron Ramsdale,0
2,0,52,1320,31,4,2,0,0,1.2,49,2024-2025,Cameron Archer,3
1,1,42,1354,34,3,1,0,5,0.3,44,2024-2025,Lesley Ugochukwu,2
0,0,7,303,12,0,0,1,0,0.0,48,2024-2025,Ryan Fraser,2
3,0,70,1903,54,7,1,0,1,0.1,49,2024-2025,Joe Aribo,2
2,3,45,1246,35,2,2,0,4,0.5,51,2024-2025,Adam Armstrong,3
2,0,51,2261,53,2,2,0,7,2.1,40,2024-2025,Jan Bednarek,1
0,0,2,329,13,0,0,0,0,0.4,39,2024-2025,Armel Bella-Kotchap,1
0,1,15,886,28,0,0,0,0,0.3,39,2024-2025,James Bree,1
1,0,47,2473,59,2,2,0,8,4.5,40,2024-2025,Taylor Harwood-Bellis,1
1,2,46,1037,30,2,2,0,0,0.0,50,2024-2025,Kamaldeen Sulemana,2
0,2,17,352,8,1,0,0,4,0.0,50,2024-2025,Adam Lallana,2
0,1,28,1276,31,0,1,0,2,0.1,43,2024-2025,Ryan Manning,1
0,0,12,450,13,0,0,0,0,0.1,42,2024-2025,Alex McCarthy,0
4,1,49,973,25,4,1,0,4,0.3,49,2024-2025,Paul Onuachu,3
1,0,22,604,21,0,0,0,1,0.0,50,2024-2025,Will Smallbone,2
0,0,17,1074,25,2,1,2,2,0.3,40,2024-2025,Jack Stephens,1
1,1,42,1458,44,0,2,0,4,0.1,42,2024-2025,Sugawara Yukinari,1
0,3,52,2738,73,3,2,0,5,0.3,42,2024-2025,Kyle Walker-Peters,1
0,0,13,622,16,2,1,0,2,1.1,40,2024-2025,Nathan Wood-Gordon,1
1,0,39,1699,41,0,3,0,10,0.0,47,2024-2025,Flynn Downes,2
0,0,13,446,10,0,0,0,1,0.1,48,2024-2025,Ben Brereton Díaz,2
2,2,61,1675,47,4,2,0,6,1.4,43,2024-2025,Tyler Dibling,2
2,3,81,2500,59,7,4,0,8,0.1,50,2024-2025,Mateus Gonçalo Espanha Fernandes,2
7,5,94,2051,37,6,4,0,0,4.8,73,2024-2025,Dominic Solanke-Mitchell,3
2,0,47,1514,23,1,3,0,7,0.1,49,2024-2025,Rodrigo Bentancur,2
0,2,42,1110,20,0,3,0,3,0.9,44,2024-2025,Lucas Bergvall,2
2,0,45,1200,22,4,3,0,7,0.2,48,2024-2025,Yves Bissouma,2
0,0,26,945,14,0,3,0,3,0.2,43,2024-2025,Ben Davies,1
0,0,24,1250,29,0,2,0,1,0.2,43,2024-2025,Radu Drăgușin,1
0,0,19,630,15,0,1,0,0,0.3,43,2024-2025,Fraser Forster,0
0,0,37,1345,29,0,2,0,0,0.2,46,2024-2025,Archie Gray,2
11,6,132,1988,29,13,2,0,5,2.5,62,2024-2025,Brennan Johnson,2
7,4,113,2233,38,9,6,0,3,2.3,62,2024-2025,Dejan Kulusevski,2
9,7,129,1754,29,15,6,0,6,4.2,74,2024-2025,James Maddison,2
2,6,99,2459,41,6,6,0,4,17.5,53,2024-2025,Pedro Porro,1
4,1,31,380,5,0,1,0,1,0.4,68,2024-2025,Richarlison de Andrade,3
1,1,49,1416,22,3,3,0,3,3.5,49,2024-2025,Cristian Romero,1
3,2,64,1579,33,4,2,0,6,0.2,47,2024-2025,Pape Matar Sarr,2
7,10,126,2001,33,12,4,0,1,4.4,97,2024-2025,Son Heung-min,2
1,2,47,1423,27,6,3,1,2,0.9,44,2024-2025,Djed Spence,1
0,1,45,1743,26,0,2,0,2,1.5,48,2024-2025,Destiny Udogie,1
0,2,31,949,15,2,2,0,4,2.4,45,2024-2025,Micky van de Ven,1
0,0,63,1890,27,2,4,0,1,1.9,48,2024-2025,Guglielmo Vicario,0
0,3,34,504,12,2,1,0,0,0.1,62,2024-2025,Timo Werner,2
0,0,18,510,10,0,1,0,0,0.0,53,2024-2025,Wilson Odobert,2
0,0,12,360,7,0,1,0,0,0.1,41,2024-2025,Antonín Kinsky,0
0,0,12,392,4,0,1,0,0,0.0,44,2024-2025,Kevin Danso,1
2,0,28,489,9,2,2,0,0,0.1,58,2024-2025,Mathys Tel,2
1,0,27,375,9,2,1,0,0,0.3,55,2024-2025,Evan Ferguson,3
2,3,92,2704,52,10,5,0,1,4.8,45,2024-2025,Aaron Wan-Bissaka,1
0,1,37,1632,29,0,3,1,6,0.1,50,2024-2025,Edson Álvarez Velázquez,2
1,4,42,834,18,3,4,0,1,0.8,52,2024-2025,Michail Antonio,3
0,0,54,1899,35,0,3,0,0,6.0,42,2024-2025,Alphonse Areola,0
9,8,145,2542,43,13,7,0,1,9.3,75,2024-2025,Jarrod Bowen,2
0,0,19,852,17,1,1,0,4,0.4,41,2024-2025,Vladimír Coufal,1
0,0,27,583,6,3,2,0,2,1.8,39,2024-2025,Aaron Cresswell,1
2,1,71,1926,39,4,5,0,5,0.6,44,2024-2025,Emerson Palmieri dos Santos,1
0,0,36,1070,20,2,2,0,2,10.9,40,2024-2025,Łukasz Fabiański,0
0,1,71,2898,55,5,5,0,4,1.3,43,2024-2025,Max Kilman,1
3,3,83,2242,40,4,6,1,1,2.4,62,2024-2025,Mohammed Kudus,2
4,1,76,2163,45,5,4,0,8,1.0,57,2024-2025,Lucas Tolentino Coelho de Lima,2
0,0,41,1846,35,4,2,1,3,0.1,43,2024-2025,Konstantinos Mavropanos,1
7,2,104,2157,38,13,6,0,8,1.4,48,2024-2025,Tomáš Souček,2
0,2,36,1151,15,0,4,1,2,0.5,61,2024-2025,James Ward-Prowse,2
1,1,33,776,20,2,2,0,2,0.3,55,2024-2025,Crysencio Summerville,2
0,0,29,1016,18,0,3,0,5,0.1,48,2024-2025,Guido Rodríguez,2
3,2,35,538,13,3,2,0,2,0.8,67,2024-2025,Niclas Füllkrug,3
0,0,43,1393,26,1,4,0,2,0.3,42,2024-2025,Jean-Clair Todibo,1
1,1,45,1336,24,2,2,0,5,0.0,50,2024-2025,Carlos Soler,2
0,0,27,588,8,2,2,0,1,0.2,40,2024-2025,Ollie Scarles,1
0,0,12,630,17,0,0,0,0,0.3,41,2024-2025,Sam Johnstone,0
4,6,109,2702,59,11,6,1,5,17.8,50,2024-2025,Rayan Aït-Nouri,1
2,6,80,1472,25,5,6,0,3,0.2,49,2024-2025,Jean-Ricner Bellegarde,2
14,5,158,2253,50,38,6,0,3,16.6,69,2024-2025,Matheus Santos Carneiro Da Cunha,3
0,1,17,969,25,1,1,0,2,0.1,42,2024-2025,Craig Dawson,1
2,1,64,1814,35,4,5,0,6,0.3,43,2024-2025,Matt Doherty,1
0,1,28,474,10,0,0,0,1,0.0,47,2024-2025,Tommy Doyle,2
2,4,55,756,19,2,3,0,1,0.1,53,2024-2025,Gonçalo Manuel Ganchinho Guedes,2
2,1,35,632,18,0,0,0,0,0.3,61,2024-2025,Hwang Hee-chan,2
3,1,79,2601,54,7,5,1,8,0.3,49,2024-2025,João Victor Gomes da Silva,2
0,0,74,2250,44,3,6,0,2,3.5,44,2024-2025,José Malheiro de Sá,0
1,3,47,1363,39,5,1,0,4,0.1,48,2024-2025,Mario Lemina,2
0,0,3,441,12,0,0,0,2,0.8,38,2024-2025,Yerson Mosquera,1
0,4,74,2491,43,0,7,0,7,0.9,45,2024-2025,Nélson Cabral Semedo,1
1,0,31,621,16,0,1,0,0,0.1,51,2024-2025,Rodrigo Martins Gomes,2
0,0,49,1665,34,2,5,0,2,0.1,43,2024-2025,Santiago Bueno,1
3,2,45,665,13,3,1,0,3,0.2,50,2024-2025,Pablo Sarabia,2
12,2,123,2389,48,15,6,0,4,5.8,54,2024-2025,Jørgen Strand Larsen,3
0,1,70,2163,37,8,7,0,5,0.4,43,2024-2025,Toti António Gomes,1
0,0,51,2087,40,1,6,0,7,0.0,50,2024-2025,André Trindade da Costa Neto,2
0,0,29,960,14,1,3,0,2,0.4,40,2024-2025,Emmanuel Agbadou,1
1,2,33,698,6,2,4,0,0,0.1,50,2024-2025,Marshall Munetsi,2
3,1,149,3042,26,8,16,0,4,28.3,54,2023-2024,Gabriel dos Santos Magalhães,1
13,10,180,2627,22,15,16,0,11,11.9,76,2023-2024,Kai Havertz,2
4,7,85,1470,11,10,11,0,6,2.6,77,2023-2024,Gabriel Fernando de Jesus,3
0,2,44,913,11,1,4,0,1,0.2,53,2023-2024,Jorge Luiz Frello Filho,2
1,3,67,942,8,1,6,0,1,0.6,40,2023-2024,Jakub Kiwior,1
6,5,118,2010,23,6,10,0,1,4.2,75,2023-2024,Gabriel Martinelli Silva,2
5,4,71,1065,10,5,6,0,3,3.1,50,2023-2024,Eddie Nketiah,3
8,11,186,3098,23,26,19,0,2,18.0,86,2023-2024,Martin Ødegaard,2
0,0,24,785,5,0,5,0,3,0.1,48,2023-2024,Thomas Partey,2
0,0,20,540,5,0,2,0,0,5.4,45,2023-2024,Aaron Ramsdale,0
16,12,226,2922,27,29,16,0,4,49.2,88,2023-2024,Bukayo Saka,2
2,1,164,3420,29,13,18,0,4,39.1,59,2023-2024,William Saliba,1
0,2,25,343,3,0,3,0,0,0.1,53,2023-2024,Emile Smith Rowe,2
2,1,70,1140,10,4,6,1,0,0.5,45,2023-2024,Takehiro Tomiyasu,1
12,2,138,1633,10,11,12,0,2,3.6,66,2023-2024,Leandro Trossard,2
4,5,182,2987,26,14,18,0,8,23.3,61,2023-2024,Benjamin White,1
1,2,104,1717,15,16,9,0,2,5.1,50,2023-2024,Oleksandr Zinchenko,1
0,0,135,2880,24,6,16,0,2,11.7,53,2023-2024,David Raya Martin,0
7,9,165,3225,28,17,17,0,5,6.2,55,2023-2024,Declan Rice,2
2,0,49,1024,20,5,3,0,2,1.1,49,2023-2024,Alexandre Moreno Lopera,1
10,11,148,2063,32,11,5,0,5,3.1,54,2023-2024,Leon Bailey,2
2,2,64,2138,36,4,3,0,8,9.9,45,2023-2024,Matty Cash,1
0,0,55,1809,36,1,6,0,4,0.5,44,2023-2024,Diego Carlos Santos Silva,1
1,4,85,2405,41,5,6,0,7,3.1,46,2023-2024,Lucas Digne,1
9,5,148,2994,57,25,6,0,12,4.8,54,2023-2024,Douglas Luiz Soares de Paulo,2
5,1,50,461,12,7,0,0,5,0.2,50,2023-2024,Jhon Durán,3
0,1,40,1653,22,1,7,1,7,0.1,50,2023-2024,Boubacar Kamara,2
1,1,91,3069,54,7,7,0,5,2.2,45,2023-2024,Ezri Konsa Ngoyo,1
0,0,115,3015,48,19,8,0,4,10.5,52,2023-2024,Emiliano Martínez Romero,0
6,5,119,3000,54,9,7,1,9,0.9,53,2023-2024,John McGinn,2
0,0,17,405,13,3,0,0,0,0.6,39,2023-2024,Robin Olsen,0
1,1,29,848,12,0,0,0,2,0.1,59,2023-2024,Jacob Ramsey,2
2,6,77,1613,27,2,4,0,3,0.4,56,2023-2024,Youri Tielemans,2
19,18,228,3222,56,29,7,0,4,35.9,89,2023-2024,Ollie Watkins,3
2,0,85,2462,37,4,6,0,1,2.8,46,2023-2024,Pau Torres,1
6,11,142,2168,40,10,8,0,1,5.8,63,2023-2024,Moussa Diaby,2
2,0,34,824,13,0,2,0,7,0.0,54,2023-2024,Nicolò Zaniolo,2
0,1,24,1153,27,0,2,0,3,0.2,45,2023-2024,Clément Lenglet,1
3,1,35,636,13,0,2,0,3,0.0,50,2023-2024,Morgan Rogers,2
2,3,60,1385,36,3,2,1,3,0.3,51,2023-2024,Philip Billing,2
0,5,90,2908,56,5,8,0,6,0.1,50,2023-2024,Ryan Christie,2
0,3,77,2787,51,5,8,1,5,0.1,48,2023-2024,Lewis Cook,2
0,1,48,1553,32,5,4,0,2,0.1,45,2023-2024,Lloyd Kelly,1
7,1,100,1910,23,2,11,0,5,0.7,46,2023-2024,Justin Kluivert,2
0,1,16,613,16,0,1,0,2,0.1,43,2023-2024,Chris Mepham,1
0,0,110,2880,55,14,7,0,5,4.2,46,2023-2024,Norberto Murara Neto,0
1,2,56,1214,24,3,5,0,3,0.0,47,2023-2024,Dango Ouattara,2
0,0,13,380,12,0,0,0,0,0.0,48,2023-2024,Joe Rothwell,2
8,4,107,2099,33,14,8,0,6,2.0,45,2023-2024,Antoine Semenyo,3
4,5,102,2239,44,13,6,0,13,2.4,44,2023-2024,Marcos Senesi,1
0,3,80,2148,33,4,8,0,6,0.5,44,2023-2024,Adam Smith,1
19,3,175,3325,61,20,10,0,3,17.8,69,2023-2024,Dominic Solanke,3
3,4,89,2118,38,5,8,0,3,0.3,50,2023-2024,Marcus Tavernier,2
0,0,19,360,5,2,2,0,0,0.3,40,2023-2024,Mark Travers,0
1,0,84,3330,67,3,8,0,5,1.9,44,2023-2024,Illia Zabarnyi,1
0,2,59,1966,37,1,6,1,4,0.3,44,2023-2024,Milos Kerkez,1
0,1,28,1233,35,0,2,0,1,0.1,44,2023-2024,Max Aarons,1
1,1,41,1003,25,3,3,0,3,0.0,49,2023-2024,Alex Scott,2
2,2,43,685,18,2,1,0,0,0.0,55,2023-2024,Luis Sinisterra,2
2,4,40,317,9,3,1,0,1,0.0,50,2023-2024,Enes Ünal,3
2,1,68,1826,33,3,5,0,5,0.7,44,2023-2024,Kristoffer Ajer,1
1,1,84,2649,51,8,7,0,3,0.8,45,2023-2024,Nathan Collins,1
0,4,45,829,9,0,5,0,2,0.0,48,2023-2024,Mikkel Damsgaard,2
0,1,119,3285,63,12,7,0,3,4.5,47,2023-2024,Mark Flekken,0
0,1,13,401,5,0,1,0,1,0.8,42,2023-2024,Rico Henry,1
0,0,17,713,12,0,2,0,5,0.1,43,2023-2024,Aaron Hickey,1
1,4,93,3054,52,1,9,0,8,0.1,52,2023-2024,Vitaly Janelt,2
3,4,98,2201,45,10,9,0,5,0.7,52,2023-2024,Mathias Jensen,2
3,2,73,1428,29,1,6,0,0,0.1,47,2023-2024,Keane Lewis-Potter,2
9,7,127,1957,31,12,5,0,2,6.7,68,2023-2024,Bryan Mbeumo,2
2,1,39,1272,28,3,1,1,1,1.1,47,2023-2024,Ben Mee,1
2,1,74,2504,51,3,6,0,8,0.1,52,2023-2024,Christian Nørgaard,2
1,2,39,1147,27,0,1,0,8,0.0,49,2023-2024,Frank Onyeka,2
2,0,77,2521,46,5,5,0,1,1.4,45,2023-2024,Ethan Pinnock,1
1,2,75,1975,40,3,5,0,1,0.4,44,2023-2024,Mads Roerslev Rasmussen,1
2,2,33,327,5,2,1,0,0,0.1,52,2023-2024,Kevin Schade,2
4,3,57,1449,30,4,3,0,5,3.7,77,2023-2024,Ivan Toney,3
12,4,131,2488,40,15,11,0,7,5.1,57,2023-2024,Yoane Wissa,3
0,0,33,670,9,0,4,0,2,0.7,42,2023-2024,Yegor Yarmoliuk,2
1,0,29,1086,24,3,2,0,4,0.3,43,2023-2024,Mathias Jorgensen,1
6,3,76,1417,37,6,4,0,8,0.9,49,2023-2024,Neal Maupay,3
0,6,74,1524,30,14,5,1,7,3.0,45,2023-2024,Sergio Reguilón,1
1,0,26,728,20,0,0,0,5,0.0,45,2023-2024,Saman Ghoddos,2
6,1,97,2220,38,8,4,0,3,0.6,50,2023-2024,Simon Adingra,2
3,1,57,1356,19,1,6,0,7,0.1,47,2023-2024,Facundo Buonanotte,2
0,1,14,449,6,0,1,1,1,0.1,48,2023-2024,Mahmoud Dahoud,2
3,1,89,2869,53,11,5,1,6,5.3,52,2023-2024,Lewis Dunk,1
0,2,20,468,12,0,0,0,2,0.4,50,2023-2024,Julio Enciso,2
2,3,57,1242,26,7,3,0,4,14.5,47,2023-2024,Pervis Estupiñán,1
6,1,69,1356,28,5,2,0,1,3.5,57,2023-2024,Evan Ferguson,3
0,3,61,2116,37,4,6,1,8,0.2,48,2023-2024,Billy Gilmour,2
4,11,153,3112,50,29,7,0,6,4.1,61,2023-2024,Pascal Groß,2
9,3,104,2037,38,12,5,0,2,6.1,52,2023-2024,João Pedro Junqueira de Jesus,3
0,1,30,839,13,0,2,0,2,0.0,49,2023-2024,Adam Lallana,2
0,3,31,908,20,0,1,0,3,3.6,39,2023-2024,Tariq Lamptey,1
3,1,39,555,11,6,2,0,1,2.0,61,2023-2024,Solly March,2
0,2,28,770,12,0,4,0,3,0.1,48,2023-2024,James Milner,2
3,7,74,1485,27,7,1,0,4,11.8,64,2023-2024,Kaoru Mitoma,2
0,0,21,608,13,0,1,0,2,0.1,44,2023-2024,Jakub Moder,2
0,0,42,1530,34,5,2,0,0,1.7,40,2023-2024,Jason Steele,0
0,0,61,2368,38,3,5,0,4,2.1,40,2023-2024,Jan Paul van Hecke,1
1,1,49,1579,32,0,3,0,4,0.6,43,2023-2024,Joël Veltman,1
0,0,68,1890,28,7,4,0,3,1.2,44,2023-2024,Bart Verbruggen,0
0,0,26,1142,22,2,2,0,2,0.3,42,2023-2024,Adam Webster,1
5,4,79,1687,28,5,8,0,4,1.0,57,2023-2024,Danny Welbeck,3
0,0,37,1631,26,1,2,0,4,0.2,43,2023-2024,Igor Julio dos Santos de Paulo,1
3,0,42,866,17,5,2,0,1,0.0,45,2023-2024,Jack Hinshelwood,2
0,0,34,1314,28,0,2,0,7,0.0,45,2023-2024,Carlos Baleba,2
2,1,33,509,12,1,1,0,2,0.4,64,2023-2024,Anssumane Fati Vieira,2
0,0,5,307,9,0,0,0,1,0.0,40,2023-2024,Valentín Barco,1
1,0,19,1055,26,0,0,0,1,1.2,38,2023-2024,Ameen Al-Dakhil,1
0,1,30,1234,23,4,2,0,6,0.8,39,2023-2024,Jordan Beyer,1
4,2,78,2248,56,2,2,1,4,0.2,47,2023-2024,Josh Brownhill,2
2,4,65,2055,48,5,0,0,9,0.1,50,2023-2024,Josh Cullen,2
0,0,15,436,8,3,1,0,2,0.2,39,2023-2024,Hjalmar Ekdal,1
5,3,75,1898,43,4,2,1,0,0.4,47,2023-2024,Lyle Foster,3
1,3,48,1185,25,0,2,0,2,0.0,48,2023-2024,Jóhann Berg Gudmundsson,2
0,0,47,900,16,12,0,0,0,0.6,43,2023-2024,Arijanet Muric,0
3,4,69,2892,71,2,2,1,5,0.3,44,2023-2024,Dara O'Shea,1
0,1,12,817,23,0,0,1,3,0.1,43,2023-2024,Connor Roberts,1
2,1,41,811,18,3,1,0,0,0.2,53,2023-2024,Jay Rodriguez,3
1,1,47,2329,46,1,2,0,8,2.7,39,2023-2024,Charlie Taylor,1
0,3,60,2311,44,2,2,0,1,0.2,44,2023-2024,Victor da Silva,1
4,1,50,876,18,8,1,0,1,0.2,50,2023-2024,David Datro Fofana,3
1,2,74,3002,70,3,2,1,8,0.1,46,2023-2024,Sander Berge,2
5,1,85,1953,41,11,5,0,2,0.2,51,2023-2024,Zeki Amdouni,3
0,0,70,2520,62,5,2,0,2,0.9,44,2023-2024,James Trafford,0
1,2,40,972,23,0,3,0,0,0.0,48,2023-2024,Luca Koleosho,2
6,0,82,1235,23,7,3,0,1,0.1,48,2023-2024,Jacob Bruun Larsen,2
3,4,82,2095,48,3,2,0,3,0.1,50,2023-2024,Wilson Odobert,2
0,0,7,584,25,0,0,0,2,0.1,40,2023-2024,Hannes Delcroix,1
0,0,18,522,17,0,0,0,1,0.0,50,2023-2024,Aaron Ramsey,2
0,0,20,410,10,0,0,0,0,0.0,52,2023-2024,Mike Trésor,2
1,2,25,1235,32,3,0,1,3,0.2,40,2023-2024,Lorenz Assignon,1
0,0,15,1310,28,0,0,0,6,0.0,40,2023-2024,Maxime Esteve,1
1,3,84,2865,50,6,7,0,11,1.2,45,2023-2024,Moisés Caicedo Corozo,2
0,0,59,1433,25,7,3,0,2,2.2,45,2023-2024,Robert Sánchez,0
0,1,35,1337,31,4,3,0,3,0.3,44,2023-2024,Benoît Badiashile,1
1,0,39,949,14,4,3,0,1,2.0,43,2023-2024,Trevoh Chalobah,1
0,2,24,752,14,2,1,0,5,4.7,54,2023-2024,Ben Chilwell,1
1,1,65,1794,26,4,5,0,2,2.1,46,2023-2024,Levi Colwill,1
0,3,44,1783,33,3,4,0,10,3.7,49,2023-2024,Marc Cucurella Saseta,1
3,3,77,2208,47,4,5,0,7,1.9,48,2023-2024,Enzo Fernández,2
5,8,129,3129,56,10,8,1,7,1.7,54,2023-2024,Conor Gallagher,2
0,6,74,1746,28,10,5,1,7,8.2,43,2023-2024,Malo Gusto,1
0,2,11,416,13,0,0,2,0,2.7,53,2023-2024,Reece James,1
5,3,76,1044,19,7,4,0,2,1.2,53,2023-2024,Noni Madueke,2
5,5,94,1564,28,5,7,0,5,0.9,63,2023-2024,Mykhailo Mudryk,2
14,6,142,2801,48,12,9,0,10,17.9,70,2023-2024,Nicolas Jackson,3
3,0,29,437,12,4,0,0,0,1.0,72,2023-2024,Christopher Nkunku,3
8,8,123,1972,38,8,5,0,7,4.8,68,2023-2024,Raheem Sterling,2
3,1,98,2525,45,12,7,0,4,4.5,50,2023-2024,Thiago Emiliano da Silva,1
22,13,244,2617,46,32,7,0,7,51.3,63,2023-2024,Cole Palmer,2
2,0,71,2579,50,6,5,0,6,3.4,49,2023-2024,Axel Disasi,1
0,0,71,1986,38,5,5,0,2,8.4,47,2023-2024,Đorđe Petrović,0
0,0,16,332,14,0,0,1,2,0.4,43,2023-2024,Naouirou Ahamada,2
2,3,121,3416,58,12,10,0,7,14.1,47,2023-2024,Joachim Andersen,1
4,7,109,2540,39,3,11,1,7,0.3,53,2023-2024,Jordan Ayew,2
0,1,52,1335,16,0,5,0,0,0.2,43,2023-2024,Nathaniel Clyne,1
0,0,21,920,12,0,3,0,2,0.0,48,2023-2024,Cheick Doucouré,2
7,0,79,1545,24,9,6,0,4,1.3,53,2023-2024,Odsonne Edouard,3
11,5,136,2054,28,11,8,0,3,5.4,60,2023-2024,Eberechi Eze,2
0,1,66,2020,32,6,6,0,2,1.3,42,2023-2024,Marc Guéhi,1
0,2,61,1886,38,2,8,0,6,0.0,49,2023-2024,Will Hughes,2
0,0,68,1796,27,7,6,0,1,1.3,43,2023-2024,Sam Johnstone,0
1,1,64,2399,46,4,5,0,8,0.1,47,2023-2024,Jefferson Lerma Solís,2
16,7,165,2274,44,22,8,0,3,7.3,51,2023-2024,Jean-Philippe Mateta,3
2,3,119,3204,55,10,10,0,6,4.7,45,2023-2024,Tyrick Mitchell,1
10,6,125,1272,19,21,3,0,0,5.3,57,2023-2024,Michael Olise,2
1,1,62,2091,38,4,4,0,3,1.5,39,2023-2024,Chris Richards,1
2,2,66,1340,25,4,4,0,1,0.1,48,2023-2024,Jeffrey Schlupp,2
0,1,54,1978,34,0,5,0,4,0.2,45,2023-2024,Joel Ward,1
0,0,48,1620,30,2,4,0,2,1.7,44,2023-2024,Dean Henderson,0
0,4,56,1440,22,3,5,0,4,0.6,45,2023-2024,Daniel Muñoz,1
0,3,50,1296,16,4,7,0,2,0.0,50,2023-2024,Adam Wharton,2
1,0,20,505,7,0,3,0,4,0.1,44,2023-2024,André Tavares Gomes,2
3,1,124,3116,44,10,12,0,8,10.8,45,2023-2024,Jarrad Branthwaite,1
7,3,101,2166,27,9,13,0,2,1.0,58,2023-2024,Dominic Calvert-Lewin,3
0,0,30,661,10,3,4,0,0,0.1,44,2023-2024,Seamus Coleman,1
7,3,116,2632,36,7,12,0,7,0.5,55,2023-2024,Abdoulaye Doucouré,2
1,2,87,3001,47,3,11,0,7,0.1,49,2023-2024,James Garner,2
0,0,37,1120,13,0,4,0,2,0.2,43,2023-2024,Ben Godfrey,1
4,0,73,1885,25,10,7,0,8,0.1,48,2023-2024,Idrissa Gueye,2
1,0,18,437,13,2,1,0,2,0.2,42,2023-2024,Michael Keane,1
3,8,124,2891,39,8,12,0,2,0.3,54,2023-2024,Dwight McNeil,2
2,1,101,2469,37,9,9,0,1,2.6,45,2023-2024,Vitalii Mykolenko,1
2,0,66,2085,38,5,5,0,5,0.2,47,2023-2024,Amadou Onana,2
0,2,34,1000,21,3,2,0,4,0.1,43,2023-2024,Nathan Patterson,1
0,0,153,3420,51,22,13,0,5,16.3,48,2023-2024,Jordan Pickford,0
1,1,117,3420,51,10,13,0,11,5.4,46,2023-2024,James Tarkowski,1
0,1,76,2277,34,3,9,1,5,0.4,44,2023-2024,Ashley Young,1
1,0,26,587,10,0,2,0,0,0.1,52,2023-2024,Arnaut Danjuma Groeneveld,2
3,3,92,2212,26,5,11,0,1,0.1,55,2023-2024,Jack Harrison,2
3,0,50,943,20,3,2,0,2,0.1,57,2023-2024,Norberto Bercique Gomes Betuncal,3
1,2,35,529,9,0,3,0,0,0.2,49,2023-2024,Armando Broja,3
5,2,102,2331,41,9,7,0,2,0.4,53,2023-2024,Alex Iwobi,2
3,9,127,2611,40,7,14,0,6,0.9,53,2023-2024,Andreas Hoelgebaum Pereira,2
1,6,70,1472,27,2,4,0,3,0.0,49,2023-2024,Tom Cairney,2
6,3,92,1410,29,7,3,0,4,0.1,52,2023-2024,Bobby De Cordova-Reid,2
0,0,43,1423,26,3,5,1,2,0.4,44,2023-2024,Issa Diop,1
0,0,133,3420,61,15,10,0,3,14.6,48,2023-2024,Bernd Leno,0
1,0,43,1113,20,0,5,0,3,0.3,43,2023-2024,Saša Lukić,2
9,2,97,1589,27,12,6,0,1,4.4,43,2023-2024,Rodrigo Muniz Carvalho,3
4,1,91,2698,46,8,9,0,13,0.3,50,2023-2024,João Palhinha Gonçalves,2
1,0,40,1503,31,4,3,1,2,0.6,44,2023-2024,Tim Ream,1
0,2,47,1317,23,0,6,0,6,0.3,43,2023-2024,Harrison Reed,2
0,6,104,3266,60,8,9,0,6,4.0,45,2023-2024,Antonee Robinson,1
1,0,27,863,21,0,2,0,2,0.3,44,2023-2024,Kenny Tete,1
2,0,66,1616,25,2,6,0,2,0.2,43,2023-2024,Tosin Adarabioyo,1
2,0,22,306,5,2,0,0,2,0.9,45,2023-2024,Carlos Vinícius Alves Morais,3
4,7,94,1603,30,5,5,0,6,0.2,53,2023-2024,Harry Wilson,2
7,0,72,1390,29,13,4,1,3,0.6,50,2023-2024,Raúl Jiménez,3
4,3,94,2048,28,6,9,0,1,0.4,53,2023-2024,Willian Borges da Silva,2
1,0,66,2299,42,4,6,1,4,0.4,44,2023-2024,Calvin Bassey,1
2,3,36,363,13,1,0,0,2,0.0,49,2023-2024,Adama Traoré,2
1,3,105,2630,40,7,9,0,3,1.6,45,2023-2024,Timothy Castagne,1
3,5,122,2153,28,19,8,0,6,10.3,84,2023-2024,Trent Alexander-Arnold,1
0,0,107,2520,30,9,8,0,1,9.7,57,2023-2024,Alisson Ramses Becker,0
11,11,132,2033,25,9,6,0,9,11.7,75,2023-2024,Darwin Núñez Ribeiro,3
10,7,110,1141,11,7,5,1,1,1.7,79,2023-2024,Diogo Teixeira da Silva,2
3,9,96,1330,13,8,4,0,2,0.4,48,2023-2024,Harvey Elliott,2
8,5,106,1633,20,12,5,0,1,3.1,71,2023-2024,Cody Gakpo,3
0,2,76,1772,19,2,7,0,5,1.3,45,2023-2024,Joe Gomez,1
1,1,40,1156,19,2,2,1,3,0.1,49,2023-2024,Curtis Jones,2
0,0,34,900,11,3,2,0,0,3.9,36,2023-2024,Caoimhin Kelleher,0
0,0,56,1570,19,2,6,1,3,2.0,49,2023-2024,Ibrahima Konaté,1
8,7,142,2625,33,9,7,0,3,10.0,76,2023-2024,Luis Díaz,2
5,5,109,2600,34,12,6,1,7,3.9,59,2023-2024,Alexis Mac Allister,2
0,0,21,779,9,0,2,0,2,0.3,48,2023-2024,Joel Matip,1
3,2,76,1689,22,8,3,0,2,4.2,65,2023-2024,Andrew Robertson,1
18,12,211,2531,30,24,8,0,2,24.0,134,2023-2024,Mohamed Salah,2
3,4,99,2102,23,7,8,0,1,3.3,71,2023-2024,Dominik Szoboszlai,2
0,3,48,675,7,4,4,0,0,1.1,43,2023-2024,Konstantinos Tsimikas,1
2,2,117,3177,40,8,9,1,3,17.7,66,2023-2024,Virgil van Dijk,1
2,0,49,1188,15,5,2,0,1,0.5,40,2023-2024,Jarell Quansah,1
1,0,47,1714,16,0,6,0,10,0.1,54,2023-2024,Wataru Endo,2
1,0,45,1110,17,3,3,0,0,0.1,50,2023-2024,Ryan Gravenberch,2
1,3,50,752,7,7,3,0,2,2.1,41,2023-2024,Conor Bradley,1
1,3,47,1304,31,4,2,0,4,0.0,49,2023-2024,Albert Sambi Lokonga,2
0,0,21,1131,24,0,0,0,5,0.4,43,2023-2024,Marvelous Nakamba,2
10,1,94,1405,36,9,2,0,1,1.0,48,2023-2024,Elijah Adebayo,3
1,0,15,397,6,1,0,0,1,0.5,38,2023-2024,Mads Juel Andersen,1
0,0,35,1720,41,3,2,0,0,2.2,38,2023-2024,Amari'i Bell,1
2,1,31,309,8,0,0,0,1,0.0,46,2023-2024,Luke Berry,2
0,4,40,1659,37,2,1,0,5,0.2,40,2023-2024,Reece Burke,1
1,1,44,1297,41,3,1,0,4,0.0,48,2023-2024,Jordan Clark,2
2,10,101,2923,74,11,2,0,5,6.2,43,2023-2024,Alfie Doughty,1
11,6,146,2859,72,18,3,0,4,4.3,47,2023-2024,Carlton Morris,3
4,4,84,1987,47,7,2,0,1,0.1,48,2023-2024,Chiedozie Ogbene,3
0,0,11,403,14,0,0,0,1,0.0,50,2023-2024,Fred Onyedinma,2
2,0,41,1846,47,1,2,0,3,0.1,44,2023-2024,Gabriel Osho,1
1,1,33,406,11,3,0,0,2,0.6,43,2023-2024,Cauley Woodrow,3
1,0,42,2467,59,1,1,0,3,1.5,39,2023-2024,Teden Mengi,1
0,0,11,498,14,0,0,0,0,0.1,42,2023-2024,Ryan Giles,1
1,1,23,1169,23,1,0,0,4,0.1,42,2023-2024,Tom Lockyer,1
0,0,35,1085,29,0,1,0,1,0.0,46,2023-2024,Pelly Ruddock Mpanzu,2
4,2,78,1972,51,3,0,0,4,0.2,44,2023-2024,Tahith Chong,2
0,3,34,1727,39,3,0,0,7,1.9,40,2023-2024,Issa Kaboré,1
0,0,86,3405,85,3,2,0,3,0.7,45,2023-2024,Thomas Kaminski,0
5,5,101,2616,66,4,2,0,6,0.9,45,2023-2024,Ross Barkley,2
2,1,39,1013,26,3,1,0,4,0.1,49,2023-2024,Jacob Brown,3
1,4,61,1197,27,3,3,0,1,0.1,50,2023-2024,Andros Townsend,2
0,0,4,592,21,0,0,0,0,0.0,40,2023-2024,Daiki Hashioka,1
2,0,112,2512,23,8,11,1,2,5.6,50,2023-2024,Manuel Akanji,1
2,3,99,2039,20,6,6,0,0,5.2,50,2023-2024,Nathan Aké,1
11,11,158,2644,24,17,12,0,2,15.4,64,2023-2024,Julián Álvarez,3
6,9,141,2576,26,20,10,0,8,2.9,62,2023-2024,Bernardo Veiga de Carvalho e Silva,2
4,10,98,1219,8,11,7,0,2,16.6,106,2023-2024,Kevin De Bruyne,2
0,0,88,2557,28,3,9,0,0,7.2,55,2023-2024,Rúben Gato Alves Dias,1
0,0,112,2785,27,5,11,0,5,13.1,55,2023-2024,Ederson Santana de Moraes,0
19,8,230,2860,27,31,14,0,2,43.3,85,2023-2024,Phil Foden,2
3,1,50,998,13,6,3,0,6,1.5,72,2023-2024,Jack Grealish,2
27,8,217,2553,25,29,11,0,1,73.6,143,2023-2024,Erling Haaland,3
1,0,59,1539,14,2,9,0,4,0.3,46,2023-2024,Mateo Kovačić,2
2,0,52,804,9,2,4,0,1,0.4,42,2023-2024,Rico Lewis,1
0,0,22,632,7,2,1,0,0,2.3,36,2023-2024,Stefan Ortega Moreno,0
8,10,159,2931,26,19,14,1,8,6.1,56,2023-2024,Rodrigo Hernandez,2
1,0,53,1061,9,3,5,0,2,3.1,53,2023-2024,John Stones,1
0,5,123,2766,29,13,10,0,2,15.1,55,2023-2024,Kyle Walker,1
0,2,32,831,13,1,2,1,0,0.1,47,2023-2024,Matheus Luiz Nunes,2
4,2,123,2327,23,12,9,0,3,18.1,52,2023-2024,Joško Gvardiol,1
3,10,98,1585,19,13,1,0,3,1.9,64,2023-2024,Jérémy Doku,2
1,0,23,509,13,0,1,0,2,0.8,68,2023-2024,Mason Mount,2
1,1,23,385,6,3,1,0,1,0.1,44,2023-2024,Amad Diallo,2
1,1,47,1311,26,0,3,0,5,0.6,68,2023-2024,Antony Matheus dos Santos,2
10,9,166,3118,52,24,7,0,9,14.6,85,2023-2024,Bruno Borges Fernandes,2
1,3,58,1981,34,0,5,0,7,1.9,53,2023-2024,Carlos Henrique Casimiro,2
2,3,111,3174,55,13,8,1,4,7.4,52,2023-2024,Diogo Dalot Teixeira,1
1,2,48,1134,27,4,2,0,1,0.4,58,2023-2024,Christian Eriksen,2
7,7,131,2564,39,7,8,0,4,9.8,50,2023-2024,Alejandro Garnacho,2
1,1,62,1328,16,7,5,0,2,0.2,45,2023-2024,Victor Lindelöf,1
2,4,73,1650,29,6,4,0,3,1.3,43,2023-2024,Harry Maguire,1
3,1,77,1927,31,8,7,0,3,0.9,44,2023-2024,Kobbie Mainoo,2
1,1,25,439,6,2,1,0,0,0.3,64,2023-2024,Anthony Martial,3
0,1,15,643,12,0,1,0,3,2.1,47,2023-2024,Lisandro Martínez,1
7,1,98,1891,30,5,7,0,2,0.8,45,2023-2024,Scott McTominay,2
1,0,44,1370,23,2,3,0,2,2.1,49,2023-2024,Raphaël Varane,1
7,3,108,2264,37,0,7,0,2,9.5,84,2023-2024,Marcus Rashford,2
0,1,31,960,13,0,4,0,6,2.7,52,2023-2024,Luke Shaw,1
0,2,47,1778,34,5,3,0,4,2.0,44,2023-2024,Aaron Wan-Bissaka,1
0,0,133,3420,58,10,9,0,5,15.5,50,2023-2024,André Onana,0
10,2,112,2156,35,14,6,0,2,5.6,71,2023-2024,Rasmus Højlund,3
0,1,49,1389,24,3,4,0,2,0.6,40,2023-2024,Jonny Evans,1
0,0,26,929,15,0,2,0,6,0.1,50,2023-2024,Sofyan Amrabat,2
0,0,5,325,10,0,0,0,1,0.1,39,2023-2024,Willy Kambwala,1
1,0,38,773,12,3,2,0,2,0.6,42,2023-2024,Lewis Hall,1
3,1,77,1930,40,4,5,0,2,2.7,60,2023-2024,Miguel Almirón Rejala,2
0,2,42,1018,14,3,5,0,3,1.8,42,2023-2024,Elliot Anderson,2
2,2,51,1375,29,4,3,0,2,4.3,45,2023-2024,Sven Botman,1
7,9,153,3264,60,15,10,0,8,3.3,58,2023-2024,Bruno Guimarães Rodriguez Moura,2
2,2,97,2725,45,4,8,0,4,12.7,47,2023-2024,Dan Burn,1
0,0,75,1984,42,3,4,0,1,8.7,43,2023-2024,Martin Dubravka,0
11,16,183,2896,48,14,12,1,10,20.6,64,2023-2024,Anthony Gordon,2
21,4,172,2253,41,23,7,0,1,41.0,84,2023-2024,Alexander Isak,3
2,1,45,1276,23,3,3,0,6,0.4,58,2023-2024,Joelinton Cássio Apolinário de Lira,2
0,0,33,909,15,1,3,0,2,0.1,44,2023-2024,Emil Krafth,1
1,0,46,1077,15,3,5,0,4,1.9,37,2023-2024,Jamaal Lascelles,1
6,3,110,2742,50,3,10,0,7,0.4,48,2023-2024,Sean Longstaff,2
3,8,82,1184,21,4,5,0,1,0.2,48,2023-2024,Jacob Murphy,2
0,0,57,1345,16,1,6,0,1,4.8,53,2023-2024,Nick Pope,0
4,3,123,3055,58,12,9,0,5,7.3,56,2023-2024,Fabian Schär,1
1,0,16,437,5,0,1,0,2,1.0,52,2023-2024,Sandro Tonali,2
1,10,111,2235,43,20,6,0,5,21.2,66,2023-2024,Kieran Trippier,1
1,0,18,415,9,0,1,0,0,0.1,53,2023-2024,Joe Willock,2
9,1,69,981,15,4,6,0,3,3.0,78,2023-2024,Callum Wilson,3
5,3,64,788,10,3,2,0,2,1.2,62,2023-2024,Harvey Barnes,2
1,0,45,1302,27,4,2,0,1,1.1,40,2023-2024,Tino Livramento,1
1,3,44,1203,29,1,1,0,1,0.1,45,2023-2024,Lewis Miley,2
0,0,11,454,9,0,1,0,2,0.2,40,2023-2024,Nuno Varela Tavares,1
0,0,41,1530,28,0,2,0,2,8.6,37,2023-2024,Matt Turner,0
8,2,109,1846,41,14,2,0,0,0.8,47,2023-2024,Callum Hudson-Odoi,2
5,9,119,2424,47,5,2,0,1,1.1,49,2023-2024,Anthony Elanga,2
0,2,27,831,15,3,1,0,2,0.6,45,2023-2024,Serge Aurier,1
6,3,67,1036,21,5,3,0,2,1.3,63,2023-2024,Taiwo Awoniyi,3
2,1,58,1437,26,7,3,1,1,0.5,45,2023-2024,Willy Boly,1
2,2,65,1787,42,4,1,0,4,0.1,53,2023-2024,Danilo dos Santos de Oliveira,2
0,0,7,372,10,0,1,0,4,0.0,44,2023-2024,Felipe Augusto de Almeida Monteiro,1
5,12,142,3156,59,13,5,0,9,2.1,57,2023-2024,Morgan Gibbs-White,2
1,0,40,1562,31,0,3,0,6,0.0,50,2023-2024,Orel Mangala,2
0,0,12,416,6,1,1,0,0,0.1,44,2023-2024,Scott McKenna,1
1,0,29,1456,36,1,1,1,3,0.1,45,2023-2024,Moussa Niakhaté,1
1,3,52,1452,29,3,2,0,3,0.1,44,2023-2024,Harry Toffolo,1
0,1,39,1630,33,2,1,0,4,0.2,43,2023-2024,Neco Williams,1
14,1,131,1801,34,22,2,0,0,1.7,47,2023-2024,Chris Wood,3
0,0,13,438,9,3,1,1,0,0.1,43,2023-2024,Joe Worrall,1
1,1,59,1979,38,1,1,0,6,0.0,48,2023-2024,Ryan Yates,2
1,1,45,1690,39,2,2,0,3,0.3,45,2023-2024,Olu Aina,1
0,2,28,796,11,4,1,0,5,0.1,44,2023-2024,Gonzalo Montiel,1
0,2,58,2790,56,1,3,0,5,0.3,45,2023-2024,Murillo Santiago Costa dos Santos,1
0,0,12,450,12,0,1,0,0,0.1,45,2023-2024,Odysseas Vlachodimos,0
0,0,11,782,15,0,0,0,2,0.0,45,2023-2024,Andrew Omobamidele,1
2,2,67,1489,27,6,6,0,4,0.0,50,2023-2024,Nicolás Domínguez,2
0,0,25,1031,16,0,4,0,6,0.0,49,2023-2024,Ibrahim Sangaré,2
0,1,25,594,6,0,2,0,1,0.1,50,2023-2024,Divock Origi,3
0,0,34,1440,27,1,1,0,1,0.2,45,2023-2024,Matz Sels,0
0,0,28,2568,81,0,1,0,4,1.8,39,2023-2024,Auston Trusty,1
4,3,82,1829,50,9,2,0,2,3.4,42,2023-2024,Cameron Archer,3
0,0,1,711,27,0,0,1,3,0.4,40,2023-2024,Mason Holgate,1
3,4,77,1815,65,0,2,0,2,0.4,44,2023-2024,James McAtee,2
2,0,31,2649,89,4,1,1,9,0.2,43,2023-2024,Anel Ahmedhodžić,1
0,2,21,968,21,2,0,0,4,4.0,38,2023-2024,George Baldock,1
0,0,8,316,6,0,0,0,1,0.3,39,2023-2024,Chris Basham,1
3,3,63,2787,79,0,3,0,9,0.1,45,2023-2024,Jayden Bogle,1
0,0,11,338,8,0,0,1,0,0.0,49,2023-2024,Rhian Brewster,3
0,0,1,482,17,0,0,0,2,0.1,42,2023-2024,John Egan,1
0,0,70,2648,79,7,1,0,2,0.3,44,2023-2024,Wes Foderingham,0
0,1,13,498,12,0,0,0,1,0.0,43,2023-2024,Max Lowe,1
6,3,66,1279,43,9,1,2,3,0.1,54,2023-2024,Oliver McBurnie,3
1,0,42,1429,47,3,0,0,8,0.0,48,2023-2024,Oliver Norwood,2
0,2,38,1359,40,0,0,0,3,0.0,48,2023-2024,Ben Osborn,2
0,1,25,778,23,0,0,0,4,0.8,42,2023-2024,William Osula,3
1,1,33,2883,83,1,1,0,10,0.1,43,2023-2024,Jack Robinson,1
0,0,14,409,14,0,1,0,2,0.0,47,2023-2024,Anis Slimane,2
0,0,10,527,11,0,0,0,1,0.0,43,2023-2024,Yasser Larouci,1
0,0,11,383,13,0,0,0,0,0.0,51,2023-2024,Bénie Traoré,3
1,1,73,2664,80,4,1,0,3,0.0,50,2023-2024,Vini de Souza Costa,2
0,0,26,932,29,0,1,0,1,0.0,44,2023-2024,Andre Brooks,2
4,7,108,2908,83,5,2,0,9,0.2,49,2023-2024,Gustavo Hamer,2
0,0,7,916,29,0,0,0,3,0.0,40,2023-2024,Luke Thomas,1
6,1,62,1105,37,5,0,0,3,0.2,50,2023-2024,Ben Brereton,2
0,0,15,771,25,0,0,0,1,0.0,45,2023-2024,Ivo Grbic,0
0,0,19,942,28,0,0,0,2,0.0,45,2023-2024,Oliver Arblaster,2
5,12,131,2317,42,9,5,0,3,2.0,58,2023-2024,Brennan Johnson,2
1,1,32,997,25,0,1,0,7,0.0,54,2023-2024,Rodrigo Bentancur,2
0,0,44,2070,35,0,7,2,8,0.3,50,2023-2024,Yves Bissouma,2
1,2,34,1085,21,0,1,0,2,0.4,43,2023-2024,Ben Davies,1
1,0,27,1152,31,4,0,0,4,0.8,43,2023-2024,Emerson Leite de Souza Junior,1
0,0,39,1289,28,0,1,0,4,0.3,51,2023-2024,Pierre-Emile Højbjerg,2
8,3,130,2759,46,14,8,0,7,2.1,67,2023-2024,Dejan Kulusevski,2
2,2,47,491,12,6,1,0,2,0.1,48,2023-2024,Giovani Lo Celso,2
4,11,117,2137,31,9,7,0,5,10.0,78,2023-2024,James Maddison,2
3,8,136,3090,54,20,7,0,3,22.4,59,2023-2024,Pedro Porro,1
11,4,122,1481,18,7,7,0,3,2.5,68,2023-2024,Richarlison de Andrade,2
5,0,107,2790,46,15,7,1,7,12.2,51,2023-2024,Cristian Romero,1
3,3,86,2063,27,4,9,0,9,1.6,44,2023-2024,Pape Matar Sarr,2
0,0,22,691,17,0,0,0,3,0.1,45,2023-2024,Oliver Skipp,2
17,10,213,2934,51,25,8,0,1,34.4,100,2023-2024,Son Heung-min,2
2,3,79,2391,43,8,5,1,5,5.2,49,2023-2024,Destiny Udogie,1
0,0,112,3420,61,9,7,0,2,9.4,53,2023-2024,Guglielmo Vicario,0
3,0,81,2341,38,10,5,0,5,3.7,44,2023-2024,Micky van de Ven,1
2,4,46,808,16,5,0,0,1,0.5,63,2023-2024,Timo Werner,3
0,0,14,424,7,0,1,0,1,0.1,42,2023-2024,Radu Dragusin,1
0,0,10,394,13,0,0,1,1,0.0,47,2023-2024,Kalvin Phillips,2
1,0,36,1857,44,0,2,1,1,0.5,44,2023-2024,Nayef Aguerd,1
6,2,78,1692,34,8,5,0,6,1.9,57,2023-2024,Michail Antonio,3
0,0,116,2700,53,11,4,0,1,22.3,42,2023-2024,Alphonse Areola,0
0,1,20,611,8,0,2,0,1,0.3,56,2023-2024,Saïd Benrahma,2
16,6,182,3020,63,14,5,0,2,12.1,76,2023-2024,Jarrod Bowen,2
0,7,85,3135,70,9,4,1,5,2.0,45,2023-2024,Vladimír Coufal,1
0,0,10,431,11,0,0,0,1,0.3,42,2023-2024,Aaron Cresswell,1
1,4,82,3138,67,8,5,0,10,1.9,43,2023-2024,Emerson Palmieri dos Santos,1
0,0,24,721,21,1,1,0,0,1.3,42,2023-2024,Lukasz Fabianski,0
0,0,19,418,9,0,1,0,0,0.0,46,2023-2024,Pablo Fornals Malla,2
1,2,36,389,10,4,0,0,1,0.6,55,2023-2024,Danny Ings,3
0,0,17,538,16,0,1,0,1,0.1,44,2023-2024,Ben Johnson,1
4,6,100,2627,52,7,4,0,10,1.4,60,2023-2024,Lucas Tolentino Coelho de Lima,2
7,2,116,2867,64,9,5,0,7,0.8,49,2023-2024,Tomáš Souček,2
3,0,76,2838,63,6,3,0,3,1.5,45,2023-2024,Kurt Zouma,1
0,0,19,634,14,0,2,0,1,0.1,42,2023-2024,Angelo Ogbonna,1
1,1,62,2375,45,3,5,0,11,0.2,50,2023-2024,Edson Álvarez Velázquez,2
7,7,146,3000,65,19,5,0,4,5.3,57,2023-2024,James Ward-Prowse,2
1,0,40,1500,27,3,3,0,2,0.1,45,2023-2024,Konstantinos Mavropanos,1
8,9,137,2485,61,13,3,0,6,3.0,67,2023-2024,Mohammed Kudus,2
0,0,38,1209,24,0,3,0,2,0.1,44,2023-2024,Tommy Doyle,2
2,3,77,2327,43,6,3,0,7,3.9,46,2023-2024,Rayan Aït-Nouri,1
0,0,18,382,7,1,2,0,0,0.8,39,2023-2024,Daniel Bentley,0
0,0,29,727,16,0,2,0,1,0.1,44,2023-2024,Hugo Bueno López,1
1,1,69,2209,38,6,6,0,7,0.4,45,2023-2024,Craig Dawson,1
12,3,125,2116,37,10,3,0,6,1.8,54,2023-2024,Hwang Hee-chan,2
2,2,75,2646,51,3,4,0,11,0.1,49,2023-2024,João Victor Gomes da Silva,2
2,0,82,3420,65,3,5,0,7,1.7,44,2023-2024,Max Kilman,1
4,1,95,2969,55,13,4,1,10,0.1,49,2023-2024,Mario Lemina,2
2,11,86,1516,27,8,3,0,4,1.3,55,2023-2024,Pedro Lomba Neto,2
0,1,107,3037,58,8,4,0,1,2.0,50,2023-2024,José Malheiro de Sá,0
4,7,99,1737,27,8,6,0,5,0.5,45,2023-2024,Pablo Sarabia,2
0,2,63,3084,62,0,5,1,10,0.6,45,2023-2024,Nélson Cabral Semedo,1
1,4,82,2771,49,6,4,0,7,0.3,44,2023-2024,Toti António Gomes,1
0,0,25,802,23,0,0,0,4,0.3,43,2023-2024,Boubacar Traoré,2
12,7,135,2438,46,15,6,0,9,2.4,55,2023-2024,Matheus Santos Carneiro Da Cunha,3
1,0,41,1136,21,1,1,0,2,0.2,43,2023-2024,Matt Doherty,1
0,0,13,819,18,0,0,0,1,0.0,45,2023-2024,Santiago Bueno,1
2,2,45,948,24,1,0,1,0,0.0,49,2023-2024,Jean-Ricner Bellegarde,2
